﻿<?xml version="1.0" encoding="utf-8"?>
<SIPIDesign>
  <OALayoutOverview>
    <id_name>
      <id>1</id>
      <name>Top Layer</name>
      <z1>0.0003850005</z1>
      <thickness>0.0000350012</thickness>
    </id_name>
    <id_name>
      <id>33619969</id>
      <name>Dielectric 1</name>
      <z1>0.0003499993</z1>
      <thickness>0.0003499993</thickness>
    </id_name>
    <id_name>
      <id>32</id>
      <name>Bottom Layer</name>
      <z1>-0.0000350012</z1>
      <thickness>0.0000350012</thickness>
    </id_name>
    <id_name>
      <id>100</id>
      <name>Top Layer-Bottom Layer</name>
      <z1>0.0003499993</z1>
      <thickness>0.0003499993</thickness>
    </id_name>
  </OALayoutOverview>
  <OALayout>
    <id>1</id>
    <transform>
      <scale>1</scale>
      <translate>
        <x>0</x>
        <y>0</y>
        <z>0</z>
      </translate>
      <rotate>
        <x>0</x>
        <y>0</y>
        <z>0</z>
        <scalar>1</scalar>
      </rotate>
    </transform>
    <units>
      <dbuPerUu>1</dbuPerUu>
      <userUnitsAbbreviation>mil</userUnitsAbbreviation>
      <userUnitsToMks>1</userUnitsToMks>
    </units>
    <pin>
      <position>
        <x>0.00405499824</x>
        <y>0.00389300212</y>
        <z>0.0003850005</z>
      </position>
      <disc_radius>0.000670857252571429</disc_radius>
      <stack_id>1</stack_id>
      <layer_id>1</layer_id>
      <name>J1-1</name>
      <hash>3</hash>
      <preferential>1</preferential>
      <port>1</port>
      <net_name>GND</net_name>
    </pin>
    <pin>
      <position>
        <x>0.00505499878</x>
        <y>0.00389300212</y>
        <z>0.0003850005</z>
      </position>
      <disc_radius>0.000670857252571429</disc_radius>
      <stack_id>1</stack_id>
      <layer_id>1</layer_id>
      <name>J1-2</name>
      <hash>4</hash>
      <preferential>1</preferential>
      <port>1</port>
      <net_name>GND</net_name>
    </pin>
    <pin>
      <position>
        <x>0.00705499986</x>
        <y>0.00389300212</y>
        <z>0.0003850005</z>
      </position>
      <disc_radius>0.000670857252571429</disc_radius>
      <stack_id>1</stack_id>
      <layer_id>1</layer_id>
      <name>J1-4</name>
      <hash>1</hash>
      <preferential>1</preferential>
      <port>1</port>
      <net_name>NetF1_1</net_name>
    </pin>
    <pin>
      <position>
        <x>0.0080550004</x>
        <y>0.00389300212</y>
        <z>0.0003850005</z>
      </position>
      <disc_radius>0.000670857252571429</disc_radius>
      <stack_id>1</stack_id>
      <layer_id>1</layer_id>
      <name>J1-5</name>
      <hash>2</hash>
      <preferential>1</preferential>
      <port>1</port>
      <net_name>NetF1_1</net_name>
    </pin>
    <pin>
      <position>
        <x>0.01042999946</x>
        <y>0.00090300048</y>
        <z>0.0003850005</z>
      </position>
      <disc_radius>0.000670857252571429</disc_radius>
      <stack_id>1</stack_id>
      <layer_id>1</layer_id>
      <name>J1-MP1</name>
      <hash>5</hash>
      <preferential>1</preferential>
      <port>1</port>
      <net_name>GND</net_name>
    </pin>
    <pin>
      <position>
        <x>0.00167999918</x>
        <y>0.00090300048</y>
        <z>0.0003850005</z>
      </position>
      <disc_radius>0.000670857252571429</disc_radius>
      <stack_id>1</stack_id>
      <layer_id>1</layer_id>
      <name>J1-MP2</name>
      <hash>6</hash>
      <preferential>1</preferential>
      <port>1</port>
      <net_name>GND</net_name>
    </pin>
    <pin>
      <position>
        <x>0.00696061092</x>
        <y>0.00556322484</y>
        <z>0.0003850005</z>
      </position>
      <disc_radius>0.000360000296</disc_radius>
      <stack_id>1</stack_id>
      <layer_id>1</layer_id>
      <name>F1-1</name>
      <hash>7</hash>
      <preferential>1</preferential>
      <port>2</port>
      <net_name>NetF1_1</net_name>
    </pin>
    <instance>
      <bounding_box>
        <min>
          <x>0.00167999918</x>
          <y>0.00090300048</y>
          <z>0.0003499993</z>
        </min>
        <max>
          <x>0.01042999946</x>
          <y>0.00389300212</y>
          <z>0.0003850005</z>
        </max>
      </bounding_box>
      <stack_id>1</stack_id>
      <layer_id>1</layer_id>
      <name>J1</name>
      <hash>1000000</hash>
      <preferential>1</preferential>
    </instance>
    <instance>
      <bounding_box>
        <min>
          <x>0.00516060944</x>
          <y>0.00556322484</y>
          <z>0.0003499993</z>
        </min>
        <max>
          <x>0.00696061092</x>
          <y>0.00556322484</y>
          <z>0.0003850005</z>
        </max>
      </bounding_box>
      <stack_id>1</stack_id>
      <layer_id>1</layer_id>
      <name>F1</name>
      <hash>1000001</hash>
      <preferential>1</preferential>
    </instance>
    <conductive_layer>
      <geometry>
        <shapes>
          <shape>
            <circle>
              <center>
                <x>1222973</x>
                <y>5868021</y>
              </center>
              <radius>590551</radius>
            </circle>
          </shape>
          <shape>
            <circle>
              <center>
                <x>3506437</x>
                <y>5868021</y>
              </center>
              <radius>590551</radius>
            </circle>
          </shape>
          <shape>
            <contour>
              <point>
                <x>1488189</x>
                <y>1729528</y>
              </point>
              <point>
                <x>1488189</x>
                <y>1335828</y>
              </point>
              <point>
                <x>1704723</x>
                <y>1335828</y>
              </point>
              <point>
                <x>1704723</x>
                <y>1729528</y>
              </point>
            </contour>
          </shape>
          <shape>
            <contour>
              <point>
                <x>1881890</x>
                <y>1729528</y>
              </point>
              <point>
                <x>1881890</x>
                <y>1335828</y>
              </point>
              <point>
                <x>2098424</x>
                <y>1335828</y>
              </point>
              <point>
                <x>2098424</x>
                <y>1729528</y>
              </point>
            </contour>
          </shape>
          <shape>
            <contour>
              <point>
                <x>3858268</x>
                <y>611417</y>
              </point>
              <point>
                <x>3858268</x>
                <y>99607</y>
              </point>
              <point>
                <x>4354330</x>
                <y>99607</y>
              </point>
              <point>
                <x>4354330</x>
                <y>611417</y>
              </point>
            </contour>
          </shape>
          <shape>
            <contour>
              <point>
                <x>413386</x>
                <y>611417</y>
              </point>
              <point>
                <x>413386</x>
                <y>99607</y>
              </point>
              <point>
                <x>909448</x>
                <y>99607</y>
              </point>
              <point>
                <x>909448</x>
                <y>611417</y>
              </point>
            </contour>
          </shape>
        </shapes>
      </geometry>
      <xy_scale>0.00000000254</xy_scale>
      <z0>0.0003499993</z0>
      <z1>0.0003850005</z1>
      <material_id>1</material_id>
      <conductorSurfacesRoughness_id>-1</conductorSurfacesRoughness_id>
      <thickness>0.0000350012</thickness>
      <layer_id>1</layer_id>
      <layer_name>Top Layer</layer_name>
      <stack_id>1</stack_id>
      <cover>0</cover>
      <net_id>2</net_id>
      <net_names>GND</net_names>
      <thermal_conductivity_xy>429.515</thermal_conductivity_xy>
      <thermal_conductivity_z>429.515</thermal_conductivity_z>
      <conductivity>58800000</conductivity>
      <thermal_model_nominal_temperature>298.15</thermal_model_nominal_temperature>
      <thermal_model_linear_coefficient>0.00386</thermal_model_linear_coefficient>
      <thermal_model_quadratic_coefficient>0</thermal_model_quadratic_coefficient>
    </conductive_layer>
    <conductive_layer>
      <geometry>
        <shapes>
          <shape>
            <contour>
              <point>
                <x>2669292</x>
                <y>1729528</y>
              </point>
              <point>
                <x>2669292</x>
                <y>1335828</y>
              </point>
              <point>
                <x>2885826</x>
                <y>1335828</y>
              </point>
              <point>
                <x>2885826</x>
                <y>1729528</y>
              </point>
            </contour>
          </shape>
          <shape>
            <contour>
              <point>
                <x>3062993</x>
                <y>1729528</y>
              </point>
              <point>
                <x>3062993</x>
                <y>1335828</y>
              </point>
              <point>
                <x>3279527</x>
                <y>1335828</y>
              </point>
              <point>
                <x>3279527</x>
                <y>1729528</y>
              </point>
            </contour>
          </shape>
          <shape>
            <contour>
              <point>
                <x>2543548</x>
                <y>2387096</y>
              </point>
              <point>
                <x>2543548</x>
                <y>1993396</y>
              </point>
              <point>
                <x>2937248</x>
                <y>1993396</y>
              </point>
              <point>
                <x>2937248</x>
                <y>2387096</y>
              </point>
            </contour>
          </shape>
          <shape>
            <contour>
              <point>
                <x>3660000</x>
                <y>2299999</y>
              </point>
              <point>
                <x>3659998</x>
                <y>799998</y>
              </point>
              <point>
                <x>3469999</x>
                <y>610000</y>
              </point>
              <point>
                <x>2670000</x>
                <y>610000</y>
              </point>
              <point>
                <x>2670000</x>
                <y>620000</y>
              </point>
              <point>
                <x>2540000</x>
                <y>750000</y>
              </point>
              <point>
                <x>2540000</x>
                <y>1276773</y>
              </point>
              <point>
                <x>2551180</x>
                <y>1276773</y>
              </point>
              <point>
                <x>2551180</x>
                <y>1788583</y>
              </point>
              <point>
                <x>2540000</x>
                <y>1788583</y>
              </point>
              <point>
                <x>2540000</x>
                <y>2390000</y>
              </point>
              <point>
                <x>3569999</x>
                <y>2390000</y>
              </point>
            </contour>
          </shape>
        </shapes>
      </geometry>
      <xy_scale>0.00000000254</xy_scale>
      <z0>0.0003499993</z0>
      <z1>0.0003850005</z1>
      <material_id>1</material_id>
      <conductorSurfacesRoughness_id>-1</conductorSurfacesRoughness_id>
      <thickness>0.0000350012</thickness>
      <layer_id>1</layer_id>
      <layer_name>Top Layer</layer_name>
      <stack_id>1</stack_id>
      <cover>0</cover>
      <net_id>1</net_id>
      <net_names>NetF1_1</net_names>
      <thermal_conductivity_xy>429.515</thermal_conductivity_xy>
      <thermal_conductivity_z>429.515</thermal_conductivity_z>
      <conductivity>58800000</conductivity>
      <thermal_model_nominal_temperature>298.15</thermal_model_nominal_temperature>
      <thermal_model_linear_coefficient>0.00386</thermal_model_linear_coefficient>
      <thermal_model_quadratic_coefficient>0</thermal_model_quadratic_coefficient>
    </conductive_layer>
    <conductive_layer>
      <geometry>
        <shapes>
          <shape>
            <circle>
              <center>
                <x>3388327</x>
                <y>3112737</y>
              </center>
              <radius>708661</radius>
            </circle>
          </shape>
          <shape>
            <circle>
              <center>
                <x>1222973</x>
                <y>5868021</y>
              </center>
              <radius>590551</radius>
            </circle>
          </shape>
          <shape>
            <circle>
              <center>
                <x>3506437</x>
                <y>5868021</y>
              </center>
              <radius>590551</radius>
            </circle>
          </shape>
        </shapes>
      </geometry>
      <xy_scale>0.00000000254</xy_scale>
      <z0>0</z0>
      <z1>-0.0000350012</z1>
      <material_id>1</material_id>
      <conductorSurfacesRoughness_id>-1</conductorSurfacesRoughness_id>
      <thickness>0.0000350012</thickness>
      <layer_id>32</layer_id>
      <layer_name>Bottom Layer</layer_name>
      <stack_id>0</stack_id>
      <cover>0</cover>
      <net_id>2</net_id>
      <net_names>GND</net_names>
      <thermal_conductivity_xy>429.515</thermal_conductivity_xy>
      <thermal_conductivity_z>429.515</thermal_conductivity_z>
      <conductivity>58800000</conductivity>
      <thermal_model_nominal_temperature>298.15</thermal_model_nominal_temperature>
      <thermal_model_linear_coefficient>0.00386</thermal_model_linear_coefficient>
      <thermal_model_quadratic_coefficient>0</thermal_model_quadratic_coefficient>
    </conductive_layer>
    <dielectric_layer>
      <geometry>
        <shapes>
          <shape>
            <contour>
              <point>
                <x>2500</x>
                <y>2500</y>
              </point>
              <point>
                <x>2499</x>
                <y>1372108</y>
              </point>
              <point>
                <x>80837</x>
                <y>1358822</y>
              </point>
              <point>
                <x>239500</x>
                <y>1358864</y>
              </point>
              <point>
                <x>394176</x>
                <y>1394206</y>
              </point>
              <point>
                <x>537113</x>
                <y>1463074</y>
              </point>
              <point>
                <x>661146</x>
                <y>1562018</y>
              </point>
              <point>
                <x>760056</x>
                <y>1686077</y>
              </point>
              <point>
                <x>828886</x>
                <y>1829032</y>
              </point>
              <point>
                <x>864186</x>
                <y>1983718</y>
              </point>
              <point>
                <x>864186</x>
                <y>2142381</y>
              </point>
              <point>
                <x>828886</x>
                <y>2297067</y>
              </point>
              <point>
                <x>760056</x>
                <y>2440022</y>
              </point>
              <point>
                <x>661146</x>
                <y>2564081</y>
              </point>
              <point>
                <x>537113</x>
                <y>2663025</y>
              </point>
              <point>
                <x>394176</x>
                <y>2731893</y>
              </point>
              <point>
                <x>239500</x>
                <y>2767235</y>
              </point>
              <point>
                <x>80837</x>
                <y>2767277</y>
              </point>
              <point>
                <x>2500</x>
                <y>2753992</y>
              </point>
              <point>
                <x>2500</x>
                <y>13703288</y>
              </point>
              <point>
                <x>159980</x>
                <y>13703288</y>
              </point>
              <point>
                <x>229441</x>
                <y>13706700</y>
              </point>
              <point>
                <x>365694</x>
                <y>13733802</y>
              </point>
              <point>
                <x>494041</x>
                <y>13786965</y>
              </point>
              <point>
                <x>609550</x>
                <y>13864146</y>
              </point>
              <point>
                <x>707783</x>
                <y>13962379</y>
              </point>
              <point>
                <x>784964</x>
                <y>14077888</y>
              </point>
              <point>
                <x>838127</x>
                <y>14206235</y>
              </point>
              <point>
                <x>865229</x>
                <y>14342488</y>
              </point>
              <point>
                <x>868642</x>
                <y>14411949</y>
              </point>
              <point>
                <x>868642</x>
                <y>14569429</y>
              </point>
              <point>
                <x>3860768</x>
                <y>14569429</y>
              </point>
              <point>
                <x>3860768</x>
                <y>14411949</y>
              </point>
              <point>
                <x>3864180</x>
                <y>14342488</y>
              </point>
              <point>
                <x>3891282</x>
                <y>14206235</y>
              </point>
              <point>
                <x>3944445</x>
                <y>14077888</y>
              </point>
              <point>
                <x>4021626</x>
                <y>13962379</y>
              </point>
              <point>
                <x>4119859</x>
                <y>13864146</y>
              </point>
              <point>
                <x>4235368</x>
                <y>13786965</y>
              </point>
              <point>
                <x>4363715</x>
                <y>13733802</y>
              </point>
              <point>
                <x>4499968</x>
                <y>13706700</y>
              </point>
              <point>
                <x>4569429</x>
                <y>13703288</y>
              </point>
              <point>
                <x>4726910</x>
                <y>13703288</y>
              </point>
              <point>
                <x>4726910</x>
                <y>2753991</y>
              </point>
              <point>
                <x>4648572</x>
                <y>2767277</y>
              </point>
              <point>
                <x>4489909</x>
                <y>2767235</y>
              </point>
              <point>
                <x>4335233</x>
                <y>2731893</y>
              </point>
              <point>
                <x>4192296</x>
                <y>2663025</y>
              </point>
              <point>
                <x>4068263</x>
                <y>2564081</y>
              </point>
              <point>
                <x>3969353</x>
                <y>2440022</y>
              </point>
              <point>
                <x>3900523</x>
                <y>2297067</y>
              </point>
              <point>
                <x>3865223</x>
                <y>2142381</y>
              </point>
              <point>
                <x>3865223</x>
                <y>1983718</y>
              </point>
              <point>
                <x>3900523</x>
                <y>1829032</y>
              </point>
              <point>
                <x>3969353</x>
                <y>1686077</y>
              </point>
              <point>
                <x>4068263</x>
                <y>1562018</y>
              </point>
              <point>
                <x>4192296</x>
                <y>1463074</y>
              </point>
              <point>
                <x>4335233</x>
                <y>1394206</y>
              </point>
              <point>
                <x>4489909</x>
                <y>1358864</y>
              </point>
              <point>
                <x>4648572</x>
                <y>1358822</y>
              </point>
              <point>
                <x>4726910</x>
                <y>1372108</y>
              </point>
              <point>
                <x>4726910</x>
                <y>2500</y>
              </point>
            </contour>
          </shape>
        </shapes>
      </geometry>
      <xy_scale>0.00000000254</xy_scale>
      <z0>0</z0>
      <z1>0.0003499993</z1>
      <material_id>3</material_id>
      <thickness>0.0003499993</thickness>
      <layer_id>33619969</layer_id>
      <layer_name>Dielectric 1</layer_name>
      <thermal_conductivity_xy>0.9</thermal_conductivity_xy>
      <thermal_conductivity_z>0.9</thermal_conductivity_z>
      <conductivity>0</conductivity>
      <tanD>0.01</tanD>
      <epsilonR>1</epsilonR>
    </dielectric_layer>
  </OALayout>
</SIPIDesign>