{
  "electric_devices":[
  {
    "device_nr":1,
    "name":"J1",
    "voltage":6.99799,
    "current":-2.00001,
    "plus_pins":[
    {
      "pinId":1,
      "voltage":6.99799,
      "current":-1.05679,
      "name":"J1-4"
    },
    {
      "pinId":2,
      "voltage":6.99799,
      "current":-0.94322,
      "name":"J1-5"
    }],
    "min_pins":[
    {
      "pinId":0,
      "voltage":0,
      "current":2.00001,
      "name":"J1.min"
    }]
  },
  {
    "device_nr":2,
    "name":"F1",
    "voltage":6.99715,
    "current":2.00001,
    "plus_pins":[
    {
      "pinId":7,
      "voltage":6.99715,
      "current":2.00001,
      "name":"F1-1"
    }],
    "min_pins":[
    {
      "pinId":0,
      "voltage":0,
      "current":-2.00001,
      "name":"F1.min"
    }]
  }]
}