﻿<?xml version="1.0" encoding="utf-8"?>
<OptionFile version="1">
  <mesh>
    <option>
      <name>grading</name>
      <initialValue>0.9</initialValue>
      <value>0.9</value>
    </option>
    <option>
      <name>minMemoryGrading</name>
      <initialValue>1.6</initialValue>
      <value>1.6</value>
    </option>
    <option>
      <name>meshGrowth</name>
      <initialValue>25</initialValue>
      <value>25</value>
    </option>
    <option>
      <name>useTargetMeshSize</name>
      <initialValue>False</initialValue>
      <value>False</value>
    </option>
    <option>
      <name>autoTargetMeshSize</name>
      <initialValue>false</initialValue>
      <value>false</value>
    </option>
    <option>
      <name>targetMeshSize</name>
      <initialValue>100 um</initialValue>
      <value>0.000499999</value>
    </option>
    <option>
      <name>useMinMeshSize</name>
      <initialValue>false</initialValue>
      <value>false</value>
    </option>
    <option>
      <name>minMeshSize</name>
      <initialValue>0.0</initialValue>
      <value>0.0</value>
    </option>
    <option>
      <name>showProgress</name>
      <initialValue>ON</initialValue>
      <value>ON</value>
    </option>
    <option>
      <name>paddingSize</name>
      <initialValue>0.05</initialValue>
      <value>0.05</value>
    </option>
    <option>
      <name>paddingSide</name>
      <initialValue>1</initialValue>
      <value>1</value>
    </option>
    <option>
      <name>mergeObjectsOfSameMaterial</name>
      <initialValue>false</initialValue>
      <value>false</value>
    </option>
    <option>
      <name>removeSmallVolumes</name>
      <initialValue>false</initialValue>
      <value>false</value>
    </option>
    <option>
      <name>smallVolumeSize</name>
      <initialValue>0.0</initialValue>
      <value>0.0</value>
    </option>
    <option>
      <name>useConductorMeshing</name>
      <initialValue>false</initialValue>
      <value>false</value>
    </option>
    <option>
      <name>autoConductorMeshing</name>
      <initialValue>false</initialValue>
      <value>false</value>
    </option>
    <option>
      <name>autoConductorMeshingEdges</name>
      <initialValue>true</initialValue>
      <value>true</value>
    </option>
    <option>
      <name>autoConductorMeshingVertices</name>
      <initialValue>true</initialValue>
      <value>true</value>
    </option>
    <option>
      <name>autoConductorMeshingEdgesFactor</name>
      <initialValue>0.2</initialValue>
      <value>0.2</value>
    </option>
    <option>
      <name>autoConductorMeshingVerticesFactor</name>
      <initialValue>0.06</initialValue>
      <value>0.06</value>
    </option>
    <option>
      <name>goodConductorThreshold</name>
      <initialValue>100000.0</initialValue>
      <value>100000.0</value>
    </option>
    <option>
      <name>perfectConductorThreshold</name>
      <initialValue>1000000000.0</initialValue>
      <value>1000000000.0</value>
    </option>
    <option>
      <name>anisotropicEdgeMesh</name>
      <initialValue>false</initialValue>
      <value>false</value>
    </option>
    <option>
      <name>kappaFactorMinimalMesh</name>
      <initialValue>8.0</initialValue>
      <value>8.0</value>
    </option>
    <option>
      <name>resolution</name>
      <initialValue>1e-6</initialValue>
      <value>0.000001000000000</value>
    </option>
    <option>
      <name>edgeMaxAngle</name>
      <initialValue>60</initialValue>
      <value>30</value>
    </option>
    <option>
      <name>edgeMaxAnglePower</name>
      <initialValue>45</initialValue>
      <value>45</value>
    </option>
    <option>
      <name>KEPT_VIAS_CONCENTRIC_SEED_3D</name>
      <initialValue>12;3.0;6.0;12.0;24.0;48.0;96.0</initialValue>
      <value>12;3.0;6.0;12.0;24.0;48.0;96.0</value>
    </option>
    <option>
      <name>KEPT_VIAS_CONCENTRIC_SEED_3D_DIELECTRIC</name>
      <initialValue>12;3.0;6.0;12.0</initialValue>
      <value>12;3.0;6.0;12.0</value>
    </option>
    <option>
      <name>PORTS_CONCENTRIC_SEED_3D</name>
      <initialValue>off</initialValue>
      <value>off</value>
    </option>
    <option>
      <name>MESHPORTENDPOINTS_3D</name>
      <initialValue>on</initialValue>
      <value>on</value>
    </option>
    <option>
      <name>idealGround</name>
      <initialValue>false</initialValue>
      <value>false</value>
    </option>
    <option>
      <name>idealPower</name>
      <initialValue>false</initialValue>
      <value>false</value>
    </option>
    <option>
      <name>KEPT_SIGNAL_VIAS_PADDING_CONCENTRIC</name>
      <initialValue>-1;2.0;6.0</initialValue>
      <value>-1;2.0;6.0</value>
    </option>
    <option>
      <name>meshDomainOptimization</name>
      <initialValue>off</initialValue>
      <value>off</value>
    </option>
    <option>
      <name>meshDomainStrategy</name>
      <initialValue>relativeToSubstrate</initialValue>
      <value>relativeToSubstrate</value>
    </option>
    <option>
      <name>meshDomainValue</name>
      <initialValue>10.0</initialValue>
      <value>10.0</value>
    </option>
    <option>
      <name>femDomainSplitting</name>
      <initialValue>0</initialValue>
      <value>0</value>
    </option>
    <option>
      <name>useResolution</name>
      <initialValue>0</initialValue>
      <value>0</value>
    </option>
    <option>
      <name>generation</name>
      <initialValue>1</initialValue>
      <value>1</value>
    </option>
    <option>
      <name>adjustSpatialResolution</name>
      <initialValue>on</initialValue>
      <value>on</value>
    </option>
    <option>
      <name>enableBooleanHealingAndGapTightening</name>
      <initialValue>on</initialValue>
      <value>on</value>
    </option>
    <option>
      <name>enableRepairCombinedEntity</name>
      <initialValue>on</initialValue>
      <value>on</value>
    </option>
    <option>
      <name>kappaFactor</name>
      <initialValue>1.0</initialValue>
      <value>1.0</value>
    </option>
  </mesh>
  <refinement>
    <option>
      <name>targetDeltaS</name>
      <initialValue>0.01</initialValue>
      <value>0.01</value>
    </option>
    <option>
      <name>targetDeltaFreqRel</name>
      <initialValue>0.001</initialValue>
      <value>0.001</value>
    </option>
    <option>
      <name>targetDeltaZRel</name>
      <initialValue>0.01</initialValue>
      <value>0.01</value>
    </option>
    <option>
      <name>nbConsecutiveTargetDeltaS</name>
      <initialValue>1</initialValue>
      <value>1</value>
    </option>
    <option>
      <name>minNbPasses</name>
      <initialValue>1</initialValue>
      <value>1</value>
    </option>
    <option>
      <name>maxNbPasses</name>
      <initialValue>15</initialValue>
      <value>15</value>
    </option>
    <option>
      <name>memoryLimit</name>
      <initialValue>0</initialValue>
      <value>0</value>
    </option>
    <option>
      <name>strategy</name>
      <initialValue>fixed</initialValue>
      <value>fixed</value>
    </option>
    <option>
      <name>maxNbRefinFreq</name>
      <initialValue>3</initialValue>
      <value>3</value>
    </option>
    <option>
      <name>rippleThreshold</name>
      <initialValue>0.3</initialValue>
      <value>0.3</value>
    </option>
    <option>
      <name>relFreqResolution</name>
      <initialValue>0.1</initialValue>
      <value>0.1</value>
    </option>
    <option>
      <name>optimaToAnalyse</name>
      <initialValue>1</initialValue>
      <value>1</value>
    </option>
    <option>
      <name>monitor</name>
      <initialValue>refin</initialValue>
      <value>refin</value>
    </option>
    <option>
      <name>errorCombinationType</name>
      <initialValue>weighedmerge</initialValue>
      <value>weighedmerge</value>
    </option>
    <option>
      <name>REFINEMENT_GROWTH</name>
      <initialValue>3000</initialValue>
      <value>3000</value>
    </option>
    <option>
      <name>alwaysSolveOnFinestMesh</name>
      <initialValue>off</initialValue>
      <value>off</value>
    </option>
  </refinement>
  <processvariation>
    <option>
      <name>enabled</name>
      <initialValue>0</initialValue>
      <value>0</value>
    </option>
    <option>
      <name>operations</name>
      <initialValue>.</initialValue>
      <value>.</value>
    </option>
  </processvariation>
  <solve2d />
  <solve3d>
    <option>
      <name>writeFields</name>
      <initialValue>1</initialValue>
      <value>1</value>
    </option>
    <option>
      <name>tol</name>
      <initialValue>1e-5</initialValue>
      <value>1e-5</value>
    </option>
    <option>
      <name>maxNbIter</name>
      <initialValue>150</initialValue>
      <value>150</value>
    </option>
    <option>
      <name>BASIS_ORDER</name>
      <initialValue>2</initialValue>
      <value>2</value>
    </option>
    <option>
      <name>NBDOFS_PER_EDGE</name>
      <initialValue>2</initialValue>
      <value>2</value>
    </option>
    <option>
      <name>NBDOFS_PER_FACE</name>
      <initialValue>2</initialValue>
      <value>2</value>
    </option>
    <option>
      <name>BASIS_ORDER_BY_FACE_PROPERTY</name>
      <initialValue>empty:1</initialValue>
      <value>empty:1</value>
    </option>
    <option>
      <name>BASIS_ORDER_BY_CELL_PROPERTY</name>
      <initialValue>empty:1</initialValue>
      <value>empty:1</value>
    </option>
    <option>
      <name>SOLVER_TYPE</name>
      <initialValue>ITERATIVE_MT</initialValue>
      <value>ITERATIVE_MT</value>
    </option>
    <option>
      <name>PARDISO_OOC</name>
      <initialValue>0</initialValue>
      <value>0</value>
    </option>
    <option>
      <name>useHybridFemMom</name>
      <initialValue>off</initialValue>
      <value>off</value>
    </option>
    <option>
      <name>hybridFemMomType</name>
      <initialValue>volakis</initialValue>
      <value>volakis</value>
    </option>
    <option>
      <name>hybridTargetSystemSizeMom</name>
      <initialValue>1000</initialValue>
      <value>1000</value>
    </option>
    <option>
      <name>transfinitePorts</name>
      <initialValue>off</initialValue>
      <value>off</value>
    </option>
    <option>
      <name>nbFreqInParallel</name>
      <initialValue>1</initialValue>
      <value>1</value>
    </option>
  </solve3d>
  <eigen>
    <option>
      <name>lowFreqLimit</name>
      <initialValue>1.0e9</initialValue>
      <value>1.0e9</value>
    </option>
    <option>
      <name>highFreqLimit</name>
      <initialValue>-1.0</initialValue>
      <value>-1.0</value>
    </option>
    <option>
      <name>iterationTolerance</name>
      <initialValue>1.0e-5</initialValue>
      <value>1.0e-5</value>
    </option>
    <option>
      <name>nbEigenFreq</name>
      <initialValue>5</initialValue>
      <value>5</value>
    </option>
  </eigen>
  <results>
    <option>
      <name>dataset</name>
      <initialValue>on</initialValue>
      <value>on</value>
    </option>
    <option>
      <name>cti</name>
      <initialValue>on</initialValue>
      <value>on</value>
    </option>
    <option>
      <name>live_update</name>
      <initialValue>off</initialValue>
      <value>off</value>
    </option>
    <option>
      <name>ads_cti</name>
      <initialValue>off</initialValue>
      <value>off</value>
    </option>
    <option>
      <name>ads_dataset</name>
      <initialValue>off</initialValue>
      <value>off</value>
    </option>
    <option>
      <name>ads_conv_dataset</name>
      <initialValue>off</initialValue>
      <value>off</value>
    </option>
    <option>
      <name>ads_conv_dataset_maxnbports</name>
      <initialValue>25</initialValue>
      <value>25</value>
    </option>
    <option>
      <name>sio</name>
      <initialValue>on</initialValue>
      <value>on</value>
    </option>
  </results>
  <farfields>
    <option>
      <name>farfields</name>
      <initialValue>on</initialValue>
      <value>on</value>
    </option>
  </farfields>
  <reuse>
    <option>
      <name>reuse</name>
      <initialValue>0</initialValue>
      <value>0</value>
    </option>
    <option>
      <name>simulationId</name>
      <initialValue>NONE</initialValue>
      <value>NONE</value>
    </option>
    <option>
      <name>freq</name>
      <initialValue>on</initialValue>
      <value>on</value>
    </option>
  </reuse>
  <afs>
    <option>
      <name>nbInitialSamplesPerInterval</name>
      <initialValue>4</initialValue>
      <value>4</value>
    </option>
    <option>
      <name>nbTestPointsPerInterval</name>
      <initialValue>10</initialValue>
      <value>10</value>
    </option>
    <option>
      <name>maxDepthDifference</name>
      <initialValue>3</initialValue>
      <value>3</value>
    </option>
    <option>
      <name>relFreqFactorForDistance</name>
      <initialValue>0.0</initialValue>
      <value>0.0</value>
    </option>
    <option>
      <name>nbTestPointsForDistance</name>
      <initialValue>1</initialValue>
      <value>1</value>
    </option>
    <option>
      <name>maxDistanceBetweenModels</name>
      <initialValue>0.01</initialValue>
      <value>0.01</value>
    </option>
    <option>
      <name>maxDistanceFromSamples</name>
      <initialValue>0.001</initialValue>
      <value>0.001</value>
    </option>
    <option>
      <name>maxNbIntervalsToBeSubdivided</name>
      <initialValue>0</initialValue>
      <value>0</value>
    </option>
    <option>
      <name>minAbsDistanceBetweenSubsequentFrequencies</name>
      <initialValue>10.0</initialValue>
      <value>10.0</value>
    </option>
    <option>
      <name>minRelDistanceBetweenSubsequentFrequencies</name>
      <initialValue>0.001</initialValue>
      <value>0.001</value>
    </option>
    <option>
      <name>passivityThreshold</name>
      <initialValue>0.005</initialValue>
      <value>0.005</value>
    </option>
    <option>
      <name>useSvdForPassivity</name>
      <initialValue>off</initialValue>
      <value>off</value>
    </option>
    <option>
      <name>passivityEnforcement</name>
      <initialValue>off</initialValue>
      <value>ON</value>
    </option>
    <option>
      <name>maxPhaseDifference</name>
      <initialValue>120.0</initialValue>
      <value>120.0</value>
    </option>
    <option>
      <name>unwrapPhaseDifference</name>
      <initialValue>on</initialValue>
      <value>on</value>
    </option>
    <option>
      <name>amplitudeThresholdForMaxPhaseDifference</name>
      <initialValue>0.01</initialValue>
      <value>0.01</value>
    </option>
    <option>
      <name>nbNewDiscreteSamples</name>
      <initialValue>0</initialValue>
      <value>0</value>
    </option>
    <option>
      <name>maxNbSamplesInModelRange</name>
      <initialValue>30</initialValue>
      <value>30</value>
    </option>
    <option>
      <name>modelTypeSparams</name>
      <initialValue>3</initialValue>
      <value>3</value>
    </option>
    <option>
      <name>minDiffNbZerosNbPoles</name>
      <initialValue>-1</initialValue>
      <value>-1</value>
    </option>
    <option>
      <name>maxDiffNbZerosNbPoles</name>
      <initialValue>-1</initialValue>
      <value>-1</value>
    </option>
    <option>
      <name>maxNbPoles</name>
      <initialValue>100</initialValue>
      <value>100</value>
    </option>
    <option>
      <name>maxImpedanceRelDistanceFromSamples</name>
      <initialValue>0.01</initialValue>
      <value>0.01</value>
    </option>
    <option>
      <name>history</name>
      <initialValue>0</initialValue>
      <value>0</value>
    </option>
    <option>
      <name>useLegacyAfs</name>
      <initialValue>off</initialValue>
      <value>off</value>
    </option>
    <option>
      <name>vectorfitting_mirrorPolesIntoLHP</name>
      <initialValue>off</initialValue>
      <value>off</value>
    </option>
    <option>
      <name>vectorfitting_maxNbIterations</name>
      <initialValue>5</initialValue>
      <value>5</value>
    </option>
    <option>
      <name>vectorfitting_leastSquaresMode</name>
      <initialValue>1</initialValue>
      <value>1</value>
    </option>
    <option>
      <name>vectorfitting_incremental</name>
      <initialValue>on</initialValue>
      <value>on</value>
    </option>
    <option>
      <name>postprocessing</name>
      <initialValue>off</initialValue>
      <value>off</value>
    </option>
    <option>
      <name>postprocessing_passivityThreshold</name>
      <initialValue>0.0</initialValue>
      <value>0.0</value>
    </option>
    <option>
      <name>postprocessing_useSvdForPassivity</name>
      <initialValue>on</initialValue>
      <value>on</value>
    </option>
    <option>
      <name>postprocessing_modelTypeSparams</name>
      <initialValue>3</initialValue>
      <value>3</value>
    </option>
    <option>
      <name>postprocessing_passivityEnforcement</name>
      <initialValue>on</initialValue>
      <value>on</value>
    </option>
    <option>
      <name>extrapolateToDc</name>
      <initialValue>off</initialValue>
      <value>off</value>
    </option>
  </afs>
  <via_designer>
    <option>
      <name>salt</name>
      <initialValue>NONE</initialValue>
      <value>NONE</value>
    </option>
    <option>
      <name>hash</name>
      <initialValue>NONE</initialValue>
      <value>NONE</value>
    </option>
  </via_designer>
  <general>
    <option>
      <name>NB_THREADS</name>
      <initialValue>0</initialValue>
      <value>0</value>
    </option>
    <option>
      <name>mode</name>
      <initialValue>forced</initialValue>
      <value>forced</value>
    </option>
    <option>
      <name>architecture</name>
      <initialValue>legacy</initialValue>
      <value>legacy</value>
    </option>
    <option>
      <name>engine</name>
      <initialValue>FemEngine</initialValue>
      <value>VemEngine</value>
    </option>
  </general>
  <xmode>
    <option>
      <name>socketserver_startup_timeout</name>
      <initialValue>10</initialValue>
      <value>10</value>
    </option>
    <option>
      <name>await_solvers_subscribe</name>
      <initialValue>86400</initialValue>
      <value>86400</value>
    </option>
    <option>
      <name>job_release_timeout</name>
      <initialValue>300</initialValue>
      <value>300</value>
    </option>
    <option>
      <name>max_sub_solver_respawns</name>
      <initialValue>5</initialValue>
      <value>5</value>
    </option>
  </xmode>
</OptionFile>